{
  "model_version": "20251210_235432",
  "n_samples": 20000,
  "train_samples": 14000,
  "val_samples": 3000,
  "test_samples": 3000,
  "n_features": 88,
  "hyperparams": {
    "objective": "binary",
    "metric": [
      "auc",
      "binary_logloss"
    ],
    "boosting_type": "gbdt",
    "num_leaves": 71,
    "max_depth": 4,
    "learning_rate": 0.014272467100983484,
    "feature_fraction": 0.8396055777138036,
    "bagging_fraction": 0.551993795823778,
    "bagging_freq": 7,
    "min_child_samples": 53,
    "reg_alpha": 5.345165448853034,
    "reg_lambda": 0.004286289625288955,
    "n_estimators": 500,
    "early_stopping_rounds": 50,
    "verbose": -1,
    "random_state": 42,
    "n_jobs": -1
  },
  "training_metrics": {
    "tuning": {
      "best_params": {
        "num_leaves": 71,
        "max_depth": 4,
        "learning_rate": 0.014272467100983484,
        "feature_fraction": 0.8396055777138036,
        "bagging_fraction": 0.551993795823778,
        "bagging_freq": 7,
        "min_child_samples": 53,
        "reg_alpha": 5.345165448853034,
        "reg_lambda": 0.004286289625288955
      },
      "best_auc": 0.6581660130661484,
      "n_trials": 30
    },
    "train": {
      "auc": 0.7026768723768387,
      "gini": 0.40535374475367747,
      "brier_score": 0.18080552135077843
    },
    "validation": {
      "auc": 0.6648293311292635,
      "gini": 0.3296586622585269,
      "ks_statistic": 0.2449331305120066,
      "ks_threshold": 0.2830188679245283,
      "brier_score": 0.18808617829620244,
      "precision@5%": 0.5133333333333333,
      "precision@10%": 0.47,
      "precision@20%": 0.4633333333333333,
      "precision@30%": 0.41888888888888887
    }
  },
  "evaluation_results": {
    "auc": 0.6574749658002736,
    "gini": 0.3149499316005473,
    "ks_statistic": 0.24221614227086186,
    "ks_threshold": 0.25396825396825395,
    "brier_score": 0.19051076417006577,
    "precision_at_k": {
      "precision@5%": 0.5333333333333333,
      "precision@10%": 0.5033333333333333,
      "precision@20%": 0.45,
      "precision@30%": 0.41555555555555557
    },
    "risk_buckets": {
      "300-499": {
        "count": 2151,
        "pct": 71.7,
        "default_rate": 33.705253370525334,
        "expected_defaults": 725
      },
      "500-599": {
        "count": 771,
        "pct": 25.7,
        "default_rate": 15.693904020752269,
        "expected_defaults": 121
      },
      "700-799": {
        "count": 61,
        "pct": 2.033333333333333,
        "default_rate": 4.918032786885246,
        "expected_defaults": 3
      },
      "800-900": {
        "count": 17,
        "pct": 0.5666666666666667,
        "default_rate": 5.88235294117647,
        "expected_defaults": 1
      }
    },
    "test_samples": 3000,
    "test_default_rate": 0.2833333333333333
  },
  "training_timestamp": "2025-12-10T23:57:16.974300"
}