{
  "train_auc": 0.9066782616817356,
  "val_auc": 0.8841904051631015,
  "test_auc": 0.8786556858133219,
  "n_train": 17709,
  "n_val": 3796,
  "n_test": 3795,
  "n_features": 71,
  "best_iteration": 47,
  "training_date": "2026-01-12T11:07:43.709125"
}